<?xml version="1.0" encoding="UTF-8"?><rss version="2.0"
	xmlns:content="http://purl.org/rss/1.0/modules/content/"
	xmlns:dc="http://purl.org/dc/elements/1.1/"
	xmlns:atom="http://www.w3.org/2005/Atom"
	xmlns:sy="http://purl.org/rss/1.0/modules/syndication/"
	
	>
<channel>
	<title>
	Comments on: Morbi ut massa eget dui molestie	</title>
	<atom:link href="/morbi-ut-massa-eget-dui-molestie/feed/" rel="self" type="application/rss+xml" />
	<link>/morbi-ut-massa-eget-dui-molestie/</link>
	<description></description>
	<lastBuildDate>Wed, 26 Oct 2022 06:54:22 +0000</lastBuildDate>
	<sy:updatePeriod>
	hourly	</sy:updatePeriod>
	<sy:updateFrequency>
	1	</sy:updateFrequency>
	<generator>https://wordpress.org/?v=6.6.2</generator>
</channel>
</rss>
