<?xml version="1.0" encoding="UTF-8"?><rss version="2.0"
	xmlns:content="http://purl.org/rss/1.0/modules/content/"
	xmlns:wfw="http://wellformedweb.org/CommentAPI/"
	xmlns:dc="http://purl.org/dc/elements/1.1/"
	xmlns:atom="http://www.w3.org/2005/Atom"
	xmlns:sy="http://purl.org/rss/1.0/modules/syndication/"
	xmlns:slash="http://purl.org/rss/1.0/modules/slash/"
	>

<channel>
	<title>art-by-sapna</title>
	<atom:link href="/feed/" rel="self" type="application/rss+xml" />
	<link></link>
	<description></description>
	<lastBuildDate>Sat, 19 Oct 2024 13:05:06 +0000</lastBuildDate>
	<language>en-US</language>
	<sy:updatePeriod>
	hourly	</sy:updatePeriod>
	<sy:updateFrequency>
	1	</sy:updateFrequency>
	<generator>https://wordpress.org/?v=6.6.2</generator>
	<item>
		<title>Hello world!</title>
		<link>/hello-world/</link>
					<comments>/hello-world/#comments</comments>
		
		<dc:creator><![CDATA[admin]]></dc:creator>
		<pubDate>Sat, 19 Oct 2024 13:05:06 +0000</pubDate>
				<category><![CDATA[Uncategorized]]></category>
		<guid isPermaLink="false">/?p=1</guid>

					<description><![CDATA[Welcome to WordPress. This is your first post. Edit or delete it, then start writing!]]></description>
										<content:encoded><![CDATA[<!-- content style : start --><style type="text/css" data-name="kubio-style"></style><!-- content style : end -->
<p>Welcome to WordPress. This is your first post. Edit or delete it, then start writing!</p>
]]></content:encoded>
					
					<wfw:commentRss>/hello-world/feed/</wfw:commentRss>
			<slash:comments>1</slash:comments>
		
		
			</item>
		<item>
		<title>Donec vitae massa enim leo eu</title>
		<link>/donec-vitae-massa-enim-leo-eu/</link>
					<comments>/donec-vitae-massa-enim-leo-eu/#respond</comments>
		
		<dc:creator><![CDATA[admin]]></dc:creator>
		<pubDate>Wed, 26 Oct 2022 06:59:21 +0000</pubDate>
				<category><![CDATA[Uncategorized]]></category>
		<guid isPermaLink="false">/donec-vitae-massa-enim-leo-eu/</guid>

					<description><![CDATA[Lorem ipsum dolor sit amet, consectetur adipiscing elit. Suspendisse aliquam nec neque vel pretium. Vivamus dapibus libero ac augue egestas tempus. Donec ultrices tortor id leo vestibulum, a tincidunt augue consectetur. Nulla eget dapibus ante. Praesent efficitur neque odio, nec congue quam ultrices vel. Proin vel felis mollis, lacinia tellus nec, dignissim urna. Sed vulputate [&#8230;]]]></description>
										<content:encoded><![CDATA[<!-- content style : start --><style type="text/css" data-name="kubio-style"></style><!-- content style : end -->
<p>Lorem ipsum dolor sit amet, consectetur adipiscing elit. Suspendisse aliquam nec neque vel pretium. Vivamus dapibus libero ac augue egestas tempus. Donec ultrices tortor id leo vestibulum, a tincidunt augue consectetur. Nulla eget dapibus ante. Praesent efficitur neque odio, nec congue quam ultrices vel. Proin vel felis mollis, lacinia tellus nec, dignissim urna. Sed vulputate sed mi vel scelerisque. Pellentesque eu pellentesque ex. Cras volutpat luctus leo, id elementum lorem aliquam a. Maecenas id magna eu neque ultrices cursus. Quisque ut dignissim dui. Aliquam erat volutpat.</p>



<p>Integer ac semper est, in bibendum nisl. Vestibulum ante ipsum primis in faucibus orci luctus et ultrices posuere cubilia curae; Vivamus efficitur faucibus sapien, ornare varius erat vehicula vel. Sed ut eleifend lacus. Etiam in efficitur lacus. Nam laoreet turpis vel interdum fermentum. Cras gravida nisl quis consectetur ultricies. Sed luctus placerat purus. Aliquam pretium dictum neque sed scelerisque.</p>



<p>Sed eget felis eget elit viverra sodales. Duis gravida tortor et mauris facilisis, vulputate viverra magna vestibulum. Donec vitae massa enim. Morbi ut massa eget dui molestie euismod vitae vel turpis. Maecenas mollis elementum mi in laoreet. Pellentesque dignissim ipsum eget vestibulum viverra. Integer eu ante lacinia, porttitor metus eget, volutpat est. Ut id finibus orci, ac molestie quam. In et urna gravida, pharetra ipsum quis, semper ligula. Sed quis magna justo. Quisque ultrices suscipit libero sit amet pretium. Sed porta pellentesque erat, eu consectetur risus finibus ut. Nulla quis ante sem.</p>



<p>Nulla venenatis, risus eu dapibus vulputate, dolor odio mattis dolor, vitae pretium ante dui a justo. Nullam dapibus enim et purus fringilla, eu bibendum risus tempus. Cras tincidunt eleifend elit, mollis eleifend ante tincidunt vitae. Fusce et porta metus, nec feugiat eros. Etiam consectetur tempor metus a hendrerit. Sed imperdiet suscipit lacus, et venenatis dui accumsan ac. Nam et metus tortor.</p>



<p>Aliquam erat volutpat. Aliquam justo neque, elementum quis eros eu, dapibus euismod purus. Morbi dictum lacus sit amet porta mattis. Cras commodo lorem ac purus cursus condimentum. Maecenas nec mauris elit. Integer laoreet metus nulla, vel tincidunt eros elementum ut. Etiam eleifend viverra lectus ac mollis. Pellentesque venenatis tortor vel mauris malesuada, id lacinia enim cursus. Phasellus vitae velit quis sem venenatis fermentum. Aliquam erat volutpat. Cras lobortis et mi eget hendrerit. Cras vestibulum neque velit, a maximus lorem placerat maximus. Class aptent taciti sociosqu ad litora torquent per conubia nostra, per inceptos himenaeos. Praesent lectus risus, vestibulum sit amet metus sit amet, hendrerit gravida odio. Curabitur consectetur, ligula ut vehicula tempus, neque dolor gravida augue, sit amet hendrerit arcu elit non mi.</p>
]]></content:encoded>
					
					<wfw:commentRss>/donec-vitae-massa-enim-leo-eu/feed/</wfw:commentRss>
			<slash:comments>0</slash:comments>
		
		
			</item>
		<item>
		<title>Aliquam justo neque quis eros</title>
		<link>/aliquam-justo-neque-quis-eros/</link>
					<comments>/aliquam-justo-neque-quis-eros/#respond</comments>
		
		<dc:creator><![CDATA[admin]]></dc:creator>
		<pubDate>Wed, 26 Oct 2022 06:57:46 +0000</pubDate>
				<category><![CDATA[Uncategorized]]></category>
		<guid isPermaLink="false">/aliquam-justo-neque-quis-eros/</guid>

					<description><![CDATA[Lorem ipsum dolor sit amet, consectetur adipiscing elit. Suspendisse aliquam nec neque vel pretium. Vivamus dapibus libero ac augue egestas tempus. Donec ultrices tortor id leo vestibulum, a tincidunt augue consectetur. Nulla eget dapibus ante. Praesent efficitur neque odio, nec congue quam ultrices vel. Proin vel felis mollis, lacinia tellus nec, dignissim urna. Sed vulputate [&#8230;]]]></description>
										<content:encoded><![CDATA[<!-- content style : start --><style type="text/css" data-name="kubio-style"></style><!-- content style : end -->
<p>Lorem ipsum dolor sit amet, consectetur adipiscing elit. Suspendisse aliquam nec neque vel pretium. Vivamus dapibus libero ac augue egestas tempus. Donec ultrices tortor id leo vestibulum, a tincidunt augue consectetur. Nulla eget dapibus ante. Praesent efficitur neque odio, nec congue quam ultrices vel. Proin vel felis mollis, lacinia tellus nec, dignissim urna. Sed vulputate sed mi vel scelerisque. Pellentesque eu pellentesque ex. Cras volutpat luctus leo, id elementum lorem aliquam a. Maecenas id magna eu neque ultrices cursus. Quisque ut dignissim dui. Aliquam erat volutpat.</p>



<p>Integer ac semper est, in bibendum nisl. Vestibulum ante ipsum primis in faucibus orci luctus et ultrices posuere cubilia curae; Vivamus efficitur faucibus sapien, ornare varius erat vehicula vel. Sed ut eleifend lacus. Etiam in efficitur lacus. Nam laoreet turpis vel interdum fermentum. Cras gravida nisl quis consectetur ultricies. Sed luctus placerat purus. Aliquam pretium dictum neque sed scelerisque.</p>



<p>Sed eget felis eget elit viverra sodales. Duis gravida tortor et mauris facilisis, vulputate viverra magna vestibulum. Donec vitae massa enim. Morbi ut massa eget dui molestie euismod vitae vel turpis. Maecenas mollis elementum mi in laoreet. Pellentesque dignissim ipsum eget vestibulum viverra. Integer eu ante lacinia, porttitor metus eget, volutpat est. Ut id finibus orci, ac molestie quam. In et urna gravida, pharetra ipsum quis, semper ligula. Sed quis magna justo. Quisque ultrices suscipit libero sit amet pretium. Sed porta pellentesque erat, eu consectetur risus finibus ut. Nulla quis ante sem.</p>



<p>Nulla venenatis, risus eu dapibus vulputate, dolor odio mattis dolor, vitae pretium ante dui a justo. Nullam dapibus enim et purus fringilla, eu bibendum risus tempus. Cras tincidunt eleifend elit, mollis eleifend ante tincidunt vitae. Fusce et porta metus, nec feugiat eros. Etiam consectetur tempor metus a hendrerit. Sed imperdiet suscipit lacus, et venenatis dui accumsan ac. Nam et metus tortor.</p>



<p>Aliquam erat volutpat. Aliquam justo neque, elementum quis eros eu, dapibus euismod purus. Morbi dictum lacus sit amet porta mattis. Cras commodo lorem ac purus cursus condimentum. Maecenas nec mauris elit. Integer laoreet metus nulla, vel tincidunt eros elementum ut. Etiam eleifend viverra lectus ac mollis. Pellentesque venenatis tortor vel mauris malesuada, id lacinia enim cursus. Phasellus vitae velit quis sem venenatis fermentum. Aliquam erat volutpat. Cras lobortis et mi eget hendrerit. Cras vestibulum neque velit, a maximus lorem placerat maximus. Class aptent taciti sociosqu ad litora torquent per conubia nostra, per inceptos himenaeos. Praesent lectus risus, vestibulum sit amet metus sit amet, hendrerit gravida odio. Curabitur consectetur, ligula ut vehicula tempus, neque dolor gravida augue, sit amet hendrerit arcu elit non mi.</p>
]]></content:encoded>
					
					<wfw:commentRss>/aliquam-justo-neque-quis-eros/feed/</wfw:commentRss>
			<slash:comments>0</slash:comments>
		
		
			</item>
		<item>
		<title>Morbi ut massa eget dui molestie</title>
		<link>/morbi-ut-massa-eget-dui-molestie/</link>
					<comments>/morbi-ut-massa-eget-dui-molestie/#respond</comments>
		
		<dc:creator><![CDATA[admin]]></dc:creator>
		<pubDate>Wed, 26 Oct 2022 06:54:22 +0000</pubDate>
				<category><![CDATA[Uncategorized]]></category>
		<guid isPermaLink="false">/morbi-ut-massa-eget-dui-molestie/</guid>

					<description><![CDATA[Lorem ipsum dolor sit amet, consectetur adipiscing elit. Suspendisse aliquam nec neque vel pretium. Vivamus dapibus libero ac augue egestas tempus. Donec ultrices tortor id leo vestibulum, a tincidunt augue consectetur. Nulla eget dapibus ante. Praesent efficitur neque odio, nec congue quam ultrices vel. Proin vel felis mollis, lacinia tellus nec, dignissim urna. Sed vulputate [&#8230;]]]></description>
										<content:encoded><![CDATA[<!-- content style : start --><style type="text/css" data-name="kubio-style"></style><!-- content style : end -->
<p>Lorem ipsum dolor sit amet, consectetur adipiscing elit. Suspendisse aliquam nec neque vel pretium. Vivamus dapibus libero ac augue egestas tempus. Donec ultrices tortor id leo vestibulum, a tincidunt augue consectetur. Nulla eget dapibus ante. Praesent efficitur neque odio, nec congue quam ultrices vel. Proin vel felis mollis, lacinia tellus nec, dignissim urna. Sed vulputate sed mi vel scelerisque. Pellentesque eu pellentesque ex. Cras volutpat luctus leo, id elementum lorem aliquam a. Maecenas id magna eu neque ultrices cursus. Quisque ut dignissim dui. Aliquam erat volutpat.</p>



<p>Integer ac semper est, in bibendum nisl. Vestibulum ante ipsum primis in faucibus orci luctus et ultrices posuere cubilia curae; Vivamus efficitur faucibus sapien, ornare varius erat vehicula vel. Sed ut eleifend lacus. Etiam in efficitur lacus. Nam laoreet turpis vel interdum fermentum. Cras gravida nisl quis consectetur ultricies. Sed luctus placerat purus. Aliquam pretium dictum neque sed scelerisque.</p>



<p>Sed eget felis eget elit viverra sodales. Duis gravida tortor et mauris facilisis, vulputate viverra magna vestibulum. Donec vitae massa enim. Morbi ut massa eget dui molestie euismod vitae vel turpis. Maecenas mollis elementum mi in laoreet. Pellentesque dignissim ipsum eget vestibulum viverra. Integer eu ante lacinia, porttitor metus eget, volutpat est. Ut id finibus orci, ac molestie quam. In et urna gravida, pharetra ipsum quis, semper ligula. Sed quis magna justo. Quisque ultrices suscipit libero sit amet pretium. Sed porta pellentesque erat, eu consectetur risus finibus ut. Nulla quis ante sem.</p>



<p>Nulla venenatis, risus eu dapibus vulputate, dolor odio mattis dolor, vitae pretium ante dui a justo. Nullam dapibus enim et purus fringilla, eu bibendum risus tempus. Cras tincidunt eleifend elit, mollis eleifend ante tincidunt vitae. Fusce et porta metus, nec feugiat eros. Etiam consectetur tempor metus a hendrerit. Sed imperdiet suscipit lacus, et venenatis dui accumsan ac. Nam et metus tortor.</p>



<p>Aliquam erat volutpat. Aliquam justo neque, elementum quis eros eu, dapibus euismod purus. Morbi dictum lacus sit amet porta mattis. Cras commodo lorem ac purus cursus condimentum. Maecenas nec mauris elit. Integer laoreet metus nulla, vel tincidunt eros elementum ut. Etiam eleifend viverra lectus ac mollis. Pellentesque venenatis tortor vel mauris malesuada, id lacinia enim cursus. Phasellus vitae velit quis sem venenatis fermentum. Aliquam erat volutpat. Cras lobortis et mi eget hendrerit. Cras vestibulum neque velit, a maximus lorem placerat maximus. Class aptent taciti sociosqu ad litora torquent per conubia nostra, per inceptos himenaeos. Praesent lectus risus, vestibulum sit amet metus sit amet, hendrerit gravida odio. Curabitur consectetur, ligula ut vehicula tempus, neque dolor gravida augue, sit amet hendrerit arcu elit non mi.</p>
]]></content:encoded>
					
					<wfw:commentRss>/morbi-ut-massa-eget-dui-molestie/feed/</wfw:commentRss>
			<slash:comments>0</slash:comments>
		
		
			</item>
		<item>
		<title>Vestibulum ante ipsum primis</title>
		<link>/vestibulum-ante-ipsum-primis/</link>
					<comments>/vestibulum-ante-ipsum-primis/#respond</comments>
		
		<dc:creator><![CDATA[admin]]></dc:creator>
		<pubDate>Wed, 26 Oct 2022 06:52:49 +0000</pubDate>
				<category><![CDATA[Uncategorized]]></category>
		<guid isPermaLink="false">/vestibulum-ante-ipsum-primis/</guid>

					<description><![CDATA[Lorem ipsum dolor sit amet, consectetur adipiscing elit. Suspendisse aliquam nec neque vel pretium. Vivamus dapibus libero ac augue egestas tempus. Donec ultrices tortor id leo vestibulum, a tincidunt augue consectetur. Nulla eget dapibus ante. Praesent efficitur neque odio, nec congue quam ultrices vel. Proin vel felis mollis, lacinia tellus nec, dignissim urna. Sed vulputate [&#8230;]]]></description>
										<content:encoded><![CDATA[<!-- content style : start --><style type="text/css" data-name="kubio-style"></style><!-- content style : end -->
<p>Lorem ipsum dolor sit amet, consectetur adipiscing elit. Suspendisse aliquam nec neque vel pretium. Vivamus dapibus libero ac augue egestas tempus. Donec ultrices tortor id leo vestibulum, a tincidunt augue consectetur. Nulla eget dapibus ante. Praesent efficitur neque odio, nec congue quam ultrices vel. Proin vel felis mollis, lacinia tellus nec, dignissim urna. Sed vulputate sed mi vel scelerisque. Pellentesque eu pellentesque ex. Cras volutpat luctus leo, id elementum lorem aliquam a. Maecenas id magna eu neque ultrices cursus. Quisque ut dignissim dui. Aliquam erat volutpat.</p>



<p>Integer ac semper est, in bibendum nisl. Vestibulum ante ipsum primis in faucibus orci luctus et ultrices posuere cubilia curae; Vivamus efficitur faucibus sapien, ornare varius erat vehicula vel. Sed ut eleifend lacus. Etiam in efficitur lacus. Nam laoreet turpis vel interdum fermentum. Cras gravida nisl quis consectetur ultricies. Sed luctus placerat purus. Aliquam pretium dictum neque sed scelerisque.</p>



<p>Sed eget felis eget elit viverra sodales. Duis gravida tortor et mauris facilisis, vulputate viverra magna vestibulum. Donec vitae massa enim. Morbi ut massa eget dui molestie euismod vitae vel turpis. Maecenas mollis elementum mi in laoreet. Pellentesque dignissim ipsum eget vestibulum viverra. Integer eu ante lacinia, porttitor metus eget, volutpat est. Ut id finibus orci, ac molestie quam. In et urna gravida, pharetra ipsum quis, semper ligula. Sed quis magna justo. Quisque ultrices suscipit libero sit amet pretium. Sed porta pellentesque erat, eu consectetur risus finibus ut. Nulla quis ante sem.</p>



<p>Nulla venenatis, risus eu dapibus vulputate, dolor odio mattis dolor, vitae pretium ante dui a justo. Nullam dapibus enim et purus fringilla, eu bibendum risus tempus. Cras tincidunt eleifend elit, mollis eleifend ante tincidunt vitae. Fusce et porta metus, nec feugiat eros. Etiam consectetur tempor metus a hendrerit. Sed imperdiet suscipit lacus, et venenatis dui accumsan ac. Nam et metus tortor.</p>



<p>Aliquam erat volutpat. Aliquam justo neque, elementum quis eros eu, dapibus euismod purus. Morbi dictum lacus sit amet porta mattis. Cras commodo lorem ac purus cursus condimentum. Maecenas nec mauris elit. Integer laoreet metus nulla, vel tincidunt eros elementum ut. Etiam eleifend viverra lectus ac mollis. Pellentesque venenatis tortor vel mauris malesuada, id lacinia enim cursus. Phasellus vitae velit quis sem venenatis fermentum. Aliquam erat volutpat. Cras lobortis et mi eget hendrerit. Cras vestibulum neque velit, a maximus lorem placerat maximus. Class aptent taciti sociosqu ad litora torquent per conubia nostra, per inceptos himenaeos. Praesent lectus risus, vestibulum sit amet metus sit amet, hendrerit gravida odio. Curabitur consectetur, ligula ut vehicula tempus, neque dolor gravida augue, sit amet hendrerit arcu elit non mi.</p>
]]></content:encoded>
					
					<wfw:commentRss>/vestibulum-ante-ipsum-primis/feed/</wfw:commentRss>
			<slash:comments>0</slash:comments>
		
		
			</item>
	</channel>
</rss>
